id_utilisateur,nom,age,pays
1,John Gordon,46,Morocco
2,Dr. Joseph Owens,59,Puerto Rico
3,David Robertson,46,Turkey
4,Taylor Gordon,29,French Polynesia
5,Tara Lindsey,36,Costa Rica
6,Bradley Williams,49,Nauru
7,Brandon Thompson,36,Saint Vincent and the Grenadines
8,Jason Johnson,26,Svalbard & Jan Mayen Islands
9,David Church,43,Czech Republic
10,Jason Gregory,45,Uganda
11,Gary Winters,70,Congo
12,Carla Farrell,49,Cambodia
13,Jeremy Lewis,41,Bermuda
14,Tamara Hernandez,28,Dominica
15,Eric Reid,36,Slovakia (Slovak Republic)
16,Troy Mosley,59,Martinique
17,Nancy Fischer,44,Switzerland
18,Richard Wong,33,United States of America
19,Suzanne Woods,37,Singapore
20,Mrs. Holly Pineda,47,Palestinian Territory
21,Travis White,30,Oman
22,Mark Stephens,28,Niue
23,Jamie Bradshaw,19,Monaco
24,Mrs. Melissa Stuart,20,Burundi
25,Elizabeth Decker,20,Botswana
26,John Mendez,61,Hungary
27,Kathleen Schneider,31,Uganda
28,Jessica Johnson,65,San Marino
29,Samuel Campos,24,Benin
30,Heather Horne,24,Moldova
31,Marcus Perez,31,Central African Republic
32,John Rush,48,Lao People's Democratic Republic
33,Samantha Baker,35,Somalia
34,Wendy Reid,59,Croatia
35,Susan Williams,29,Norfolk Island
36,Shelia Howe,42,Kenya
37,Michael Long,67,Netherlands
38,Jesse Frank,62,United Kingdom
39,Felicia Stevenson,38,Montenegro
40,Jenny Potts,54,Germany
41,Aaron Shields,27,United States Minor Outlying Islands
42,Kyle Deleon,21,Philippines
43,Matthew Baker,53,Niger
44,Jeremy Marks,66,Palau
45,Sherry Boyer,25,Aruba
46,Beverly Turner,43,Eritrea
47,Erin Cruz,46,Honduras
48,Gary Vincent,59,Djibouti
49,Joshua Holt,34,United States of America
50,Sean Gordon,47,Chad
